"Kohteen nimi",Kunta,"rekisteritunnus kokonaisena","Luontotyypit / kuvaus alueesta","Ensisijaiset kriteerit","Täydentävät kriteerit","Lähistön suojelualueet",Päätöspäivä,"Toteutunut pinta-ala",x,y,I-Luokka,II-Luokka,III-Luokka
"Liesjärven pohjoispuolen vanha metsä","Jämsä (Kuorevesi)","182-465-1-38 Koivuranta","runsaslahopuustoinen kangasmetsä, männikkö","puusto eri-ikäistä, kuolleita pystypuita ja keloja tavanomaista enemmän","iäkästä lehtisekapuustoa (koivu)","Natura 2000: Matolammi - Mäntymäki noin 1 km päässä lähimmillään",2009/03/25,"5,8",3387610,6881690,,,
"Rutajokivarren vanha metsä","Joutsa (Leivonmäki)","415-403-3-74 Joki-Jussila","runsaslahopustoinen kangasmetsä","runsaslahopuustoinen kangasmetsä, haaparyhmiä",,"Rajautuu suoraan Rutajoen Natura-alueeseen",2008/05/07,"1,9",3447696,6876053,,,
"Taipaleen lsa 2, Vihtamäki",Saarijärvi,"729-401-1-47 Taipale","vanha erirakenteinen sekametsä, tuoretta ja lehtomaista kangasta",,,"osin päällekkäinen aiemman lsa-alueen kanssa, alueen pinta-alassa vain uusi osa mukana",2007/03/29,,3404368,6955115,,,
"Vihtamon lsa",Keuruu,"249-407-19-27 Metsämaa","vanhaa kuusivaltaista metsää, korpipainanteita Vihtamonpuron varrella",,,,2007/04/18,,3351471,6922167,,,
"Pergerkorven lsa","Jyväskylä, Korpilahti","277-4208315 Pohjola","järeäpuustoinen, luonnontilainen sekametsä, liito-orava",,,,2007/08/21,,3421914,6895241,,,
Kääntölä,Toivakka,"850-405-3-69 Kääntölä","lehtoa 2,2 ha, kuusi- ja koivuvaltaista uudistuskypsää metsää, osin entisiä peltoja, lahopuuta ja lehmusta kuviolla 1, lähteitä, liito-orava",,,"noin kilometri Iilijärven Natura-alueeseen (Kytömäen ja Kylmäkolun osa-alueet, Kankaanpään lettoon noin 1,5 km)",2010/12/31,"n.6,3 ha",3446734,6887145,,,
Sorvanen,Uurainen,"892-401-1-100 Sorvanen","Mustikkatyypin, osin lehtomaisen kankaan järeää, kuusivaltaista sekametsää. Aiemmin metsälaidunnettu alue. Itälaidalla ojitettu räme, joka on ennallistumassa luonnostaan.",,haapaa,,2009/12/11,"10,7",3422945,6921439,,,
Rahkamäki,Jämsä,182-420-5-183,"vähän lahopuuta, kapea metsäpalsta, jossa reunavaikutusta, liito-oravareviiri, kolohaapoja, rehevä korpi","luokka I (0,5 ha), luokka II (2,5 ha), luokka III (2,7)",liito-orava,"toinen METSO-esitys n. 0,5 km etäisyydellä",2013/03/21,"5,7",3407551,6866065,x,x,x
Halmemäki,Keuruu,249-408-2-71,"Hieno avolähde, jonka ympärillä vanhaa puustoa mm. 2 isoa haapaa. Lisäksi lähteen yläpuolelta noin 1 ha:n vanhahkon metsän kuvio","Pienvesien lähimetsät (II-lk), runsaslahopuustoiset metsät (III-lk)","Uhanalainen laji (liito-orava)",,2010/12/30,"1,3",3388658,6906077,,x,x
Isovuori,Kuhmoinen,"291-402-4-51 Metsämaa","vanhan metsän kohde, kalliorinteitä, tiheikköisiä kuusivaltaisia metsiä, runsaasti lahopuuta, paikoin myös lehtipuustoa, joillakin kuvioilla myös haapaa, lehmusta Metsäsikavuoren jyrkänteen juurella",,,,2006/12/20,"56,1",3403097,6822824,,,
"Ahosen kohteet Kyyjärvellä",Kyyjärvi,"312-403-1-221, 312-401-7-6","4 kohdetta (tuoretta kuusivaltaista sekametsää, korpea, rämettä, taimikkoa, laidunsaareke jne.)","runsaslahopuustoisia kangasmetsiä, korpia ja hakamaa (ei pb-arvoja), yht. 5 ha",,,,,3387817,6999352,,,
Arabiankorpi,Petäjävesi,"592-405-3-37, 592-402-6-7","Vanhaa metsää ja reheviä korpia, pienvesiä, edustava kääpälajisto","runsaslahopuustoista kangasmetsää ja korpia, koko kohde täyttää kriteerit","uhanalaiset lajit (pursukääpä, mesipillikääpä), lähteisyys, tihkupinnat, purot, kookkaat lahovikaiset lehti- ja havupuut, eri lahovaiheissa olevat maapuut ja lahot pystypuut, korpisuus, ravinteisuus",,"17,2",2012/06/28,3400428,6911236,,,
Rajamäki,"Saarijärvi, Pylkönmäki",633-403-1-135,"vanhaa rehevää lehtipuuvaltaista metsää","runsaslahopuustoiset kangasmetsät, lehdot","liito-orava, rustikka (VU)","2,5 km päässä Jylhänrinteen vanhojen metsien Natura-alue",2008/09/29,"4,9",3391170,6954438,,,
"Valakkakorpi - Iso Vuohijärvi",Kuhmoinen,291-404-5-243,"2-osainen kohde. Valakkakorpi hieno rehevä puustoltaan ikääntynyt korpi, joka rajautuu lsl:n tervaleppäkorpirajaukseen. Puolen km:n päässä sijaitseva Iso-Vuohijärven alue on lammen rantaan sijoittuva vanhan metsän alue.","Runsaslahopuutoiset kangasmetsät, korvet","uhanalaiset lajit (liito-orava, ruostekääpä NT), korpisuus, ravinteisuus, purot,kookkaat lahovikaikset lehti- ja havupuut, eri lahovaiheissa olevat maapuut ja lahot pystypuut",,2008/05/29,"15,6",3398199,6826412,,,
Selkäsaari,Joutsa,,"vanhaa lehtimetsää, vst","runsaslahop kangasmet",,"Tieransaaren vst",2008/12/10,"0,7",3461027,6845970,,,
Pajulampi,Joutsa,172-406-1-106,"runsaslahop kangasmetsää","runsaslahop kangasmet",,Kälkäsuo,2009/05/06,"7,6",3464276,6868622,,,
Rasinaho,Uurainen,892-403-24-2,"korpea (MKgK, MK), siihen rajautuvaa kehityskelpoista metsää, mukana pieni taimikkokuvio","korvet (I-lk), runsaslahopuustoisen kangasmetsät (III-lk)","ruostekääpä NT",,2009/12/10,"10,6",3407869,6926597,x,,x
"Kantapolunmäki N",Muurame,500-402-23-27,"Vanhaa kuusivaltaista metsää, korpipainanteita ja -juotteja, nuorempia harventamattomia lahopuustoisia kuvioita","runsaslahopuustoiset kangasmetsät lk I-II",,"Sallaajärven luonnonsuojelualue 2,5 km",,,3426498,6898292,x,x,
Tuovila,"Jyväskylä, Korpilahti",277-416-2-164,"vanhoja kalliomänniköitä, vanhoja sekametsiä, tervaleppäkorpi, lehto","runsaslahop kangasmet , lehdot, korvet",,"Vaaru noin 4 km, lähin vst reviiri 2-3 km",2010/02/18,"33,3",3429612,6874796,,,
metsäpajari,Viitasaari,931-406-25-4,"osin yli-ikäisiä karuja männiköitä, osa nuoria kehityskelpoisia metsiä","kangasmetsät I (n. 50 %)",,"toinen METSO-ehdokas (Luotokytö)",,,3429018,7002298,x,,
Koivula,Hankasalmi,77-405-2-45,"hieno vanha koivikko, vanhaa laidunta, paljon lahopuuta. Käsittelemättä vuosikymmeniä.","runsaslahopuustoinen kangasmetsä,lehtolaikkuja, I-luokkaa, hieno kohde!",,,2011/01/04,"5,3",3475324,6910858,x,,
Ankeriasjärvi,"Jyväskylä, Jmlk","179-401-11-3, 179-401-11-17",,,,,2010/12/30,"46,5",3440074,6909903,,,
"Honkasaari ym",Viitasaari,931-401-3-123,"osin luonnotilaista vastaavia saarimetsiä, Honkasaaressa talousmetsiä vars. sisäosa saaresta nuorta metsää","kuivahkot ja kuivat kankaat (II), noin kolmannes pa:sta",,,2010/08/09,"20,1",3445528,6997613,,x,
Köykänpiikki,Kuhmoinen,291-413-11-65,,,,,2010/02/18,"3,8",3390687,6827505,,,
Luotokytö,Viitasaari,931-406-26-0,"kehityskelpoista kalliomännikköä",2,,"toinen METSO-ehdokas (Täivuori)",2011/05/18,,3429195,7002409,,x,
Vesterisensuo,Viitasaari,931-406-5-73,"Pääosin varttunutta sekametsää (paikoin soistunutta), luonnontilaisen kaltainen metsäkortekorpi (ojat kasvamassa umpeen), kuivahtanutta tupasvilla- ja isovarpurämettä, vähän mäntytaimikkoa.",,,"Koljatin lsa (Natura: Hakovuori-Koljatti) noin 1,5 km etäisyydellä",2011/02/25,,3432615,6993799,,,
"Hiidenvuoren laajennus",Jämsä,182-429-16-324,"Vanha runsaslahopuustoinen kohde. Tausta-aluetta olisi tärkeä saada mukaan, muuten 50 m levyinen ja 100 m pitkä kohde jää pienilmastollisesti torsoksi","runsaslahopuustoiset kangasmetsät II-luokka",,"rajautuu Rynölän YSA-alueeseen, joka puolestaan rajautuu Hiidenvuoren YSA-alueeseen",2010/09/27,"0,8",3392932,6862306,,x,
Ryöppäsaari,Konnevesi,"275-408-11-26 (Juhala)","Asta-myrskyn jäljiltä loistavasti ennallistunut tuleva vanha luonnonmetsä (lahopuuta merkittävästi, valtapuusto > 110 v)","100 % luettavissa  ""Vanhapuustoisiin ja runsaslahopuustoisiin lehtomaisen ja tuoreen kankaan metsiköihin"" (luokka I).",,,2011/01/19,"9,9",3464534,6960388,,,
Isoaho,Keuruu,249-407-13-22,"kangaskorpia, korpirämeitä, rämeitä ja niihin liittyvää vanhaa luonnontilaisen kaltaista kuusivaltaista kangasmetsää, lehtipuustoisia alueita ja sekametsiä peltojen ympäristössä","puustoiset suot ja soiden metsäiset reunat (I ja II-luokka), runsaslahopuustoiset kankaat (II ja III-luokka)",,"Vihtamon lsa n. 3,5 km",2010/03/08,"14,1",3353874,6925072,x,x,x
Moksinjokivarsi,"Saarijärvi (ent. Pyl)","729-413-6-51 ja 6-54",,,,,2010/08/09,"4 ha",3384953,6958329,,,
Permosmäki,Viitasaari,931-401-5-214,,"runsaslahopuustoista kangasmetsää 1,8 ha (II luokka) 100 %",,"1,5 km Kolima-koskireitin Natura-alueen osa-alueesta, toinen METSO-ehdokas n. 1,5 km etäisyydellä",2013/05/03,"1,8",3446925,6998471,,x,
Painaanjärvi,Jyväskylä,179-448-10-0,,,,,2014/02/14,"2,1",3419268,6876020,,,
Haapalahti,Äänekoski,992-402-16-2,"Pienvesien lähimetsiä ja niiden reunusmetsiä, lähteistä korpea, pienialaisia rämeitä, kunnostettavaa perinnebiotooppia","Pienveden lähimetsät ja puustoiset suot, joissa myös I-luokan laikkuja","Puustoiset perinnebiotoopit II-lk, runsaslahopuustoinen kangasmetsä III-lk","Ison Särkijärven metsä noin 2 km",2012/03/23,"7,9",3430295,6953723,x,x,x
Takala,Viitasaari,931-412-10-21,"korpinen puronotko ja tätä ympäröiviä uudistuskypsiä, osin runsaslahopuustoisia havupuuvaltaisia sekametsiä","runsaslahopuustoiset kangasmetsät, korpi: luokka II 53 %, luokka III 47 %",,,,,3457762,6983758,,x,x
Kotisaari,Joutsa,172-408-6-161,,,,"Etelä-Suonteen saaristoa",2011/07/01,"16,2",3471448,6847554,,,
Uuskorkea,Toivakka,,,,,,2010/12/16,2,3441740,6889242,,,
Äyripuro,Viitasaari,"931-408-157-0
Äyripuro","vanhaa, osittain soistunutta tuoretta ja lehtomaista kuusivaltaista kangasta, tuoretta lahopuuta tullut lisää syksyn 2010 myrskyissä useita runkoja","runsaslahopuustoiset kangasmetsät: luokka I 52 %, luokka II 48 %",,"Muurainkorpi-Niittosuo Natura-kohde 3 km etäisyydellä",,,3451518,7009907,x,x,
"Kiviniemen ysa:n muutos ja laajennus",Keuruu,249-410-9-225,,,,,,,3378913,6908650,,,
Sauna-Aho,Karstula,"226-409-6-49 (Sauna-Aho)","vanha kuusivaltainen runsaslahopuustoinen kangasmetsä tervahaudan jäännösten ympärillä","runsaslahopuustoiset kangasmetsät: luokka I 100 %","metsällisiä kulttuuriarvoja: vanha hyvin säilynyt tervahauta","Saarisuo-Valleussuo… (Nat 43) kohteen Hirvilammen osa-alue n. 2 km etäisyydellä",2011/05/24,"0,8",3375939,6985105,x,,
Tuohela,Karstula,"226-410-6-125
(Tuohela)","Enojoen varressa eri-ikäisiä kangasmetsiä, ojitettuja rämeitä ja korpea (pienialaisesti),","luontotyypit III luokkaa, muu alue kehityskelpoista",,"AMO (Pitkälän metsä) n. 4 km etäisyydellä",2011/11/11,,3403232,6982653,,,x
Teeriniemi,Jyväskylä,179-430-3-203,"Tuoreen kankaan metsiköt (luokka III) 45 %, rämeet (luokka I) 20 %","runsaslahopuustoiset kangasmetsät, puustoiset suot",,"Anttilan metsä 500m Karisjärven vastarannalla",2011/10/11,"4,3",3428258,6885335,x,,x
"Hakavuori /(Vuorijärvi)",Keuruu,249-404-19-91,"Pohjoisosassa lehtoa, muuten vanhaa edustavaa metsää melko jyrkässä rinteessä, hienoja kalliojyrkänteitä, osin mesotrofisia, noroja ja luonnontilaistuva oja/puro","runsaslahopuustoiset kangasmetsät, lehdot, muut monimuotoisuudelle merkittävät metsäiset kalliot ja jyrkänteet","uhanalaisten lajien esiintymiä","Vanhojen metsien suojeluhkohteita 3 ja 4 km etäisyydellä Mänttä-Vilppulan puolella",2012/06/28,"7,8",3359235,6902580,,,
Sikosaari,Kivijärvi,265-404-1-230,"Suurimmaksi osaksi mäntyvaltaista vanhaa metsää, E-osassa komeita louhikoita ja täysin hakkaamatonta metsää, myös koivuvaltaisia melko runsaslahopuustoisia alueita","runsaslahopuustoiset kangasmetsät, luokat I-III","metsälain erityisen tärkeä elinympäristö","Palosaari-Saunasaari-Pappisaari (MH:n kiinteistöt ls-tarkoitukseen)",2011/04/12,22,3406852,7016089,x,x,x
Valmanmaa,Karstula,"226-409-5-113
(Valmanmaa)","ls-alueeseen suoraan rajautuva lammenrantaräme, osin vanhapuustoinen korpi ja kangasmetsä","korpi (0,2 ha) I, metsä (0,5 ha) II ja räme (1,8 ha) III","virkistyskäyttöä Vahvasenjoen varressa","rajautuu Vahvasenpään ysa:an ja Natura/ Laihistenneva - Härkäneva - Vahvasenjoki",2012/08/17,"2,6",3372534,6969473,x,x,x
Toivola,Viitasaari,931-408-16-0,"Vanhaa järeää kuusivaltaista sekametsää, puron vartta jossa korpisuutta ja hieman nuorempaa, tiheämpää ja verraten luonnontilaista puustoa","runsaslahopuustoiset kangasmetsät, luokat I-II","metsälain erityisen tärkeä elinympäristö","Heinä-Suvanto 1,5 km",,,3452805,7008593,x,x,
Haapasaari,Jyväskylä,,,,,,2013/10/17,"24,6",3439905,6902625,,,
Touruvuori,Jyväskylä,,,,,,2013/10/17,"39,4",3435184,6911541,,,
Oinasvuori,Konnevesi,275-404-4-74,,"luokka II",,"Laikon lsa (rajautuu tähän)",2013/02/27,"5,8",3460095,6942457,,x,
"Konneveden pappila",Konnevesi,275-404-29-64,,"III lk","liito-oravan elinympäristöä",,2012/02/24,"3,2",3465656,6946968,,,x
Salmela,Kannonkoski,216-402-1-25,"MT-tyypin nuorta sekametsää soistuneessa notkanteessa, ojitettu lähde","luokka III",,,2011/11/15,"3,3",3406691,6990103,,,x
"Koivuharjun takamehtä",Konnevesi,275-407-12-11,"Montuslammen ympäristössä myrskyn vioittamia metsiä","luokka II (3,1 HA)",,"1 km Tulivuoren luonnonsuojelualueelle",2011/03/07,"4,3",3472678,6949606,,x,
"Myllyvuoren laajennus",Multia,495-403-7-43,"Runsaslahopuustoisia kangasmetsiä ja korpia rajautuen aiempaan vanhan metsän Natura-alueeseen","runsaslahopuustoiset kangasmetsät ja puustoiset suot","ruostekääpä NT, indikaattorikääpälajeja, pohjantikka, kuuluu kuukkelireviiriin","rajautuu Myllyvuoren vanhojen metsien suojelualueeseen/Naturaan",2011/06/17,,3385501,6932531,,,
"Vilhusenmäen laajennus",Multia,495-403-7-44,"Runsaslahopuustoisia kangasmetsiä ja korpia rajautuen aiempaan vanhan metsän Natura-alueeseen","runsaslahopuustoiset kangasmetsät ja puustoiset suot","kuukkelin vakituista pesimäreviiriä, pohjantikka, ruostekääpä NT","rajautuu Vilhusenmäen vanhojen metsien suojelualueeseen/Naturaan kahdelta sivulta",,,3387108,6933760,,,
Kotilahti,Luhanka,"435-401-1-63, 435-403-1-1, 435-402-10-0","Vanhoille maatalousmaille syntynyttä runsaslahopuustoista lehtimetsää (koivu, haapa, raita, lepät), lehtoa ja kalliojyrkänne. Valkoselkätikan elinympäristö.","Runsaslahopuustoiset kangasmetsät, luokka I","Valkoselkätikan elinympäristö.","Aarniosalon lsa 0 m, Onkisalo 200m.",2012/06/07,"8,3",3428387,6845845,x,,
Särkiniemi,Viitasaari,"931-404-15-6
(Särkiniemi)",,"muu kallio-, jyrkänne- tai louhikkometsä (I ja II luokkaa)",,,2011/02/23,,3441693,6986083,x,x,
"Pikku Hiidenniemi",Kivijärvi,265-404-3-435,"louhikko ja kuivahkoa mäntyvaltaista kangasta Kivijärven rannalla","I luokka 1,9 ha, II luokka 2,7 ha",,"rajautuu melkein Kusiaisniemen AMO-alueeseen (MH:n ls-aluetta)",2012/02/22,"4,6",3409532,7008179,,,
Salola,Viitasaari,"931-404-20-1
(Salola II)",,"II lk",,,2012/02/02,"2,6",3436639,6987201,,x,
"Mörrin metsä",Keuruu,249-404-21-20,"Korpea ja myrskytuhometsää","Puustoiset suot (I ja II-lk), runsaslahopuustoiset metsät I-III-lk)",,,2010/12/30,6,3365037,6908985,x,x,x
Lusikkalahti,Keuruu,249-404-2-91,,,,,2011/07/01,17,,,,,
Jahkospuro,Jyväskylä,179-445-3-4,,,,"2,9 km Ristisuo (FI0900099).",2011/03/23,"7,6",3415873,6887109,,,
"Sydänmaan Pahalampi",Toivakka,850-874-1-1,"Lammen ympärillä oleva räme sekä eteläpuolinen vanha kalliomännikkö","Puustoiset suot I ja II lk, runsaslahopuustoiset kangasmetsät II lk","Uhanalaisten lajien esiintymät","Sijaitsee Iilijärven Natura-alueen FI0900083 metsälakialueella",2011/08/05,"3,7",3440976,6890453,x,x,
Loukkulahti,Konnevesi,275-408-17-3,"myrskytuhoja talousmetsissä, osa kallioinventointialuetta","metsät III lk , kallioalue II lk, muut ei luokiteltu",,"Natura: Keiteleen Listonniemi n. 2 km",2012/02/02,"2,7",3454447,6970377,,x,x
"Ristisuon eteläpuoli","Jyväskylä, Korpilahti",179-430-11-36,,,,,2011/07/01,"3,1",3419529,6886408,,,
Valkeajärvi,Jämsä,182-429-16-324,,,,,2011/10/10,2,3393131,6862315,,,
Ryöseli,Kinnula,"256-401-1-155
Ryöseli",,"I lk 3,8 ha, II lk 2,9 ha",,"n. 5 km MH:n ls-alueeseen",2012/01/19,"7,7",3398786,7038271,x,x,
Orivuori,Jämsä,"182-423-3-1063 (Uusi-Mella) ja 182-423-3-57 (Jokela)",,"lk III",virkistysarvoja,,2014/05/20,27,3405236,6869791,,,x
Myllyjoki,Jyväskylä,179-433-10-65,"Jokivarressa olevaa vanhaa metsää, luonnontilaista varttuvaa metsää, puustoista-pensaikkoista luhtaa, pienialaisesti kosteaa lehtoa, aiemmin niittämällä hoidettuja alueita","Runsaslahopuustoiset kangasmetsät (II- ja III-lk), lehdot (III-lk), puustoiset perinnebiotoopit (III-lk), metsäluhta (I-lk), pienvesien lähimetsät (II-lk)","Uhanalaisten lajien esiintymät: liito-orava (VU), samettikesijäkälä (NT) ja nukkamunuaisjäkälä (NT)","Kuusimäen vanhojen metsien suojelualue 2,2 km",2012/07/31,12,3421004,6899273,x,x,x
Alapiha,Saarijärvi,729-408-15-22,"Rehevä vanha kuusivaltainen rinnemetsä, lähde","Runsaslahopuustoiset kangasmetsät I-II lk, pienveden lähimetsät I-lk",,,2011/12/28,"1,5",3400480,6966713,x,x,
Pitkäsaari,Kivijärvi,265-401-1-151,"Runsaslahopuustoista mäntyvaltaista metsää, joukossa lehtipuuvaltaista ja kuusivaltaista laikkua","Runsaslahopuustoiset kangasmetsät I-II lk",,"Saunasaari-Sikosaari 100 m",2012/01/10,9,3407955,7016013,x,x,
Tuohikotanen,Jyväskylä,179-448-3-34,"Runsaslahopuustoiset kangasmetsät I ja III lk, pienveden lähimetsät II lk, puustoiset suot I lk","Runsaslahopuustoiset kangasmetsät, puustoiset suot","Pienveden lähimetsät","4 km Ruppavuori",,13,3420673,6879105,x,x,x
Lukkoriutta,Jyväskylä,,,"Runsaslahopuustoiset kangasmetsät I-II lk",,,,,3441141,6878195,x,x,
Kalmari,Luhanka,,,,,,,,,,,,
Hakala,Viitasaari,"931-412-1-157
(Hakala)",,"lk I (4,0 ha) ja lk II (4,0 ha)",,"< 2 km Kiminkiniemen lehmuslehto ja METSO-ehdokas (Säynäisvuori / 261)",,,3447492,6995336,x,x,
Varpula,Kinnula,"256-401-133-1
(Varpula)",,"5,7 ha I luokassa ja 0,6 ha II luokassa","sijoittuu Salamajärven palojatkumoalueen tuntumaan","n. 2 km Mökälänkangas YSA (Pohjanmaan ELY:n alueella), 2,7 km Salamajärven alueeseen, rajautuu toiseen METSO-suojeluesitykseen",2014/01/07,,3390296,7028285,x,x,
Valkama,Viitasaari,931-407-58-0,"luonnontilassa viime vuosikymmenet kehittynyt kuusisekametsä, lahopuuta, mm. tuoreita tuulenkaatoja","luokka II","virkistys- ja matkailumerkitystä","noin 2 km Ylä-Keiteleen Natura-alueen lsl-alueisiin",2012/05/31,"3,2",3431411,7008807,,x,
Riippilehto,Saarijärvi,"729-407-35-0
(Riippilehto)",,"lk II 2,0 ha, lk III 2,6 ha",,"Pyhä-Häin kp 0,3 km",2013/04/09,"5,1",3420471,6970921,,x,x
Toulatsuo,Viitasaari,931-408-205-0,,"I lk",,"< 0,5 km Natura (vm / Heinä-Suvanto), YSA < 1 km",2012/09/10,"1,2",3453937,7008647,x,,
Aittomäki,Kivijärvi,"265-404-4-162
(Aittomäki)",,,"rajautuu MH:n hallinnassa olevaan alueeseen joka kuuluu Naturaan","Kivijärven Natura-alue + noin 1 km etäisyydellä METSO-suojelualue",2012/12/18,"36,6",3411529,7008266,,,
Tervasniemi-Sikosaari,Multia,495-405-1-60,"Sinerväjärven rannalla sijaitsevan Tervasniemen länsi-pohjoisosa ja Sikosaari. Kallioista yli 120-vuotiasta männikköä.","II lk (9,2 ha), III-lk (4,6 ha)",,"Heikkilän metso-kohde 4 km, Termitynmäki 6 km, Hallinmäen metso-ehdotus 1 km",2012/09/10,12,3386668,6921368,,x,x
Pohjolanmäki,Jyväskylä,179-433-8-315,,,,,2011/12/19,"6,6",3421595,6895265,,,
Vilsämäki,Hankasalmi,77-404-10-12,,,,,2011/12/14,1,3467904,6931513,,,
Lahdensivu,Kivijärvi,"265-401-2-111
Lahdensivu",,"korpi I lk (0,5 ha), metsä II lk (1,4 ha) ja III lk (0,3 ha)",,,2012/06/20,"2,2",3394974,7007389,x,x,x
Rympsylänpuro,Multia,495-403-3-380,". Rympsylänpuro vanhaa puronvarsimetsää, kulttuurivaikutteista","pienvesien lähimetsät",liito-orava,,2011/08/11,,3388296,6925146,,,
Pahaniitty,Uurainen,892-407-7-83,"Pitkään metsätaloustoimien ulkopuolella ollutta vanhaa kuusikkoa ja 50 vuotta sitten metsitettyä suoniittyä.","runsaslahopuustoiset kangasmetsät II-lk",,"Konttivuoren YSA-alue noin 1 km",2012/11/19,"2,6",3400096,6920653,,x,
Matkutjärvi,Luhanka,,"Rehevää kangasta, koivuvaltainen vanha metsä","runsaslahopuustoiset kangasmetsät I-lk",valkoselkätikka,"Lempään koulun tikka-alue rajautuu suoraan",2012/03/20,"2,9",,,x,,
Alasuo,Laukaa,410-407-12-337,"pienveden lähimetsä",,,,2013/11/22,"5,9",3454308,6908814,,,
Haapalehto,Joutsa,172-418-4-27,"Kaskimaata, puustoista perinnebiotooppia, luonnontilaisen suon reunametsiä","Puustoiset suot ja soiden metsäiset laiteet, puustoiset perinnebiotoopit","Kansallispuiston sisällä","LEI kansallispuisto ympäröi kohdetta",2012/10/01,"13,4",3449849,6866903,,,
Kotiaho,Jyväskylä,,"Runsaslahopuustoista kangasmetsää, puustoista perinnebiotooppia","puustoinen perinnebiotooppi, runsaslahopuustoinen kangasmetsä",valkoselkätikka,"Syvälahden MRA rajan takana",2013/01/11,"5,9",3431625,6873875,,,
"Metsä-Pöyhölä, Kangasmannila",Keuruu,249-410-9-228,"Runsaslahopuustoista kangasmetsää","Runsaslahopuustoista kangasmetsää",,"ysa alue samalla tilalla",2012/01/13,"3,8",,,,,
Riihimäki,Uurainen,"892-405-4-40 (Riihimäki)","Runsaslahopuustoiset kangasmetsät","Runsaslahopuustoiset kangasmetsät lk II ja lk III",Lähteisyyttä,,2012/10/01,"17,5",3425481,6925243,,x,x
Nurkkajärvi,Kuhmoinen,"291-410-10-84 Nurkantakunen",,"Runsaslahopuustoinen kangasmetsä, pienveden lähimetsä/puro","Luonnontilaistuvia nuoria metsiä",,2012/09/19,"5,7",3399547,6837683,,,
Sillanpää,Jämsä,182-448-3-45,"Koivuvaltaisia runsaslahopuustoisia kangasmetsiä, rämettä, rantaa, joen vartta, tiheää kuusivaltaista ja havusekametsää, luonnontilainen lähde","Runsaslahopuustoiset kangasmetsät I-lk",liito-orava,"Ruuhivuori 4,3 km",2012/12/10,"6,3",3388740,6873294,x,,
Hakala,Saarijärvi,729-409-1-98,"runsaslahopuustoiset kangasmetsät, pienveden lähimetsä, puustoinen suo","Ransaslahopuustoiset kangasmetsät , pienveden lähimetsä, puustoiset suot. Lk I 4 ha, lk II 10 ha, lk III 1 ha","Yhtenäinen hyvän kokoinen alue, rajautuu pohjoispuolisten tilojen KEMERA:n ympäristötukikohteisiin. Lajistossa karstajäkälä (NT), silomunuaisjäkälä (NT), nukkamunuaisjäkälä (NT), raidankeuhkojäkälä (NT), herttakaksikko (RT)","Kurttu-Manun lsa n. 5 km",2012/11/21,"16,2",3413797,6946175,x,x,x
Monninniemi,"Jämsä (Kuorevesi)","182-447-1-110,       182-447-1-50,        182-447-1-1",,,,,2012/07/31,"18,7",3380944,6870831,,,
Auvasenjoki,Jyväskylä,179-424-11-81,"Luonnonuomassa olevan Auvasenjoen vartta, täysin luonnontilaisia korpia ja rämeitä, puustossakaan ei mitään käsittelyn merkkejä","puustoiset suot I-lk, pienvesien lähimetsät I-lk",,"Riutanmäki 3,5 km",2013/01/11,"7,4",3414675,6882477,x,,
Horinvuori,Laukaa,410-411-4-514,"Hieno varjojyrkänne, jossa paikoin lähes koskematonta lehtomaista kangasta. Laajoja silokalliopohjaisia männiköitä, kolme luonnontilaista rämelaikkua, puronvarsi","runsaslahopuustoiset kangasmetsät I-II-lk, kalliot ja jyrkänteet I-lk","pahtarikko, runsas hajuheinäesiintymä","Kanavuori 6 km",2014/01/02,"42,8",3449904,6902776,x,x,
Rangunpuro,Hankasalmi,77-404-5-119,"Pienvesien lähimetsiä, rinteinen ja pohjavesivaikutteinen luonnontilainen korpi sekä näitä tukevia tiheitä kuusivaltaisia kangasmetsälaikkuja","Puustoiset suot I-lk, pienvesien lähimetsät ja runsaslahopuustoiset kangasmetsät II-lk",,"Peuravuoren ls-alue 0,9 km",2013/01/02,"3,6",3468620,6930670,x,x,
Moiskala,Luhanka,435-402-4-293,,"Puustoinen perinnebiotooppi, runsaslahopuustoinen kangasmetsä",valkoselkätikka,,2012/08/17,"12,7",3430834,6854070,,,
Sillankorva,Uurainen,892-403-22-95,"Lotakonsuon Natura-alueelle laskeva puronvarsi ja alueelta johtava puronvarsi, lisäksi hienoja korpia ja vanhaa metsää, luoteisosassa ojitettu räme (muuttumaa)","Pienden lähimetsä I-lk, puustoiset suot ja soiden metsäiset reunat II-lk, runsaslahopuustoiset kangasmetsät II ja III -lk","Rajautuu Natura-alueeseen",Lotakonsuo,2013/05/08,"6,2",3424856,6935519,x,x,x
Kurkisuo,Multia,"495-402-4-12 Likola ja 495-405-1-66 Kurkisuo","Erittäin uhanalaista juolasarakorpea, mesotrofista saranevaa, avosuo lyhytkorsinevaa ja -rämettä, suohon rajautuvia kankaita","Puustoiset suot ja soiden metsäiset reunat (II- ja III-lk), runsaslahopuustoiset kangasmetsät (II- ja III-lk)","uhanalaiset lajit (todennäköinen suopunakämmekkä, vaaleasara, rimpivihvilä, vilukko). Avosuo LkN ja LkR","Noin 1 km etäisyydelle sama maanomistaja on ehdottanut Vekurinsuon 16 ha:n alueen suojelua METSO-ohjelmalla",,,3393823,6923130,,x,x
Riikola,Laukaa,410-410-3-53,"Runsaslahopuustoista vanhaa kangasmetsää, harjua, kaksi pientä luonnontilaista saarta","Runsaslahopuustoiset kangasmetsät I-II-lk",,"Harilan metsäkohde 3,3 km. Vatianjärven ym. Natura-kohteen MRL-alue 2,6 km",2013/02/11,"2,8",3440103,6928959,x,x,
Metsäpeltola,Viitasaari,931-403-2-198,"lehtomaisen/tuoreen kankaan vanhaa havupuuvaltaista metsää, osittain kitumaan kalliota ja Karhulammen rantaa","myös pienveden lähimetsä (4,6 ha), lk I",,,,,3430790,6994796,x,,
Riihiniemi,Saarijärvi,729-401-32-4,"Hienoa luonnonmetsää noin 1 ha, noin 1 ha:lla länsiosassa puusto tiheämpää, tuulenkaatopuita ja korpisoistumaa, loput 2004 varovasti harvennettua hakkuukypsää metsää","Runsaslahopuustoiset kangasmetsät (2 ha II- ja 4,4 ha III-lk), puustoiset suot lähteinen korpi (0,2 ha II-lk)","Tihkupintalähteikkö, liito-orava","Kotiniemen YSA (vanhan metsän METSO-kohde) 3 km",,,3409352,6954491,,x,x
Mustasaari,Toivakka,850-405-5-465,"runsaslahopuustoiset kangasmetsät I-II-lk, hyvälaatuista tikkametsää suureksi osaksi, pieniä metsäluhtalaikkuja rannan tuntumassa","runsaslahopuustoiset kangasmetsät I-II-lk, metsäluhta","mahdollinen valkoselkätikan esiintymisalue","Humalalahden NAT 800 m",2015/08/06,"3,6",,,x,x,
Ojala,Jyväskylä,"179-411-3-442
(Ojala)","valtaosin uudistuskypsää tuoretta / lehtomaista kangasta Vispiläjoen varressa","III lk, osin II lk (osa alueesta luokiteltavissa pienvesien lähimetsien luontot.)",liito-orava,"< 1,5 km Kuusmäki - Tikkamäki - Kirkkokangas – Valkeavuori Natura-kohteelle",,,3421495,6904477,,x,x
Vekurinsuo,Multia,"495-401-1-54 (Saarisuo)","Suoalue, jossa mm. mesotrofista sararämettä ja saranevaa, juolasarakorpea, tupasvillarämettä, reunoiltaan korpisia metsäsaarekkeita","Puustoiset suot (II-ja III-lk), runsaslahopuustoiset kangasmetsät (III-lk)","uhanalaisen lajin suopunakämmekän esiintymä","Noin 1 km:n päästä sama maanomistaja ehdottanut toistakinsuokohdetta Kurkisuo METSO-ohjelmaan",,,3394074,6921860,,x,x
Ruohoneva,Saarijärvi,729-407-5-2,"Pienialainen keidassuo (0,6 ha nevaosa), puusto täysin luonnontilainen, myös kankaan ja suon vaihettumisvyöhyke osin täysin luonnonitilainen","Runsaslahopuustoiset kangasmetsät I-II-lk, puustoiset suot I-II-lk","Sääksen pesä niukasti alueen ulkopuolella","Pyhä-Häkki 1,3 km",2013/08/05,"26,7",3418819,6970014,x,x,
Vääräsmäki,Uurainen,892-403-11-38,"Lehtomaista kangasta, tihkupintaisuutta sekä rehevää saniaiskorpea. Järeää vanhaa metsää. Kuviot rajoittuvat Konttivuoren luonnonsuojelualueeseen.","runsaslahopuustoinen kangasmetsä I-lk 2 ha, II-lk 1,5 ha ja III-lk 0,8 ha",,"rajautuu Konttivuoren YSA-alueeseen",2013/09/03,"4,3",3415387,6926581,x,x,x
Saunakallio,Äänekoski,992-461-5-262,"kalliomännikköä ja näiden välisiä mäntykankaita (osin hoidettua), lapinraunio","III lk","kulttuuriympäristöarvoja: osin Matilanvirran vesistömaisemaan kuuluvalla alueella, muinaisjäännösrekisterin kohde (kivirakenteita)","rajautuu toiseen METSO-suojeluehdotukseen (kohde 369 Kankaanmäki)",,,3446435,6961120,,,x
Koivulankangas,Viitasaari,"931-408-59-0
(Suonlaita)","lehtomaisen kankaan yli-ikäistä kuusikkoa, soistuma / räme","II lk",,,,,3444535,7014909,,x,
Juhonvuori,Konnevesi,"275-408-21-4
(Juhonvuori)",,"I lk (0,1 ha), II lk (23,4 ha), III lk (4,6 ha)",,,2013/05/07,"44,4",3451566,6966886,x,x,x
Koivumäki,Jyväskylä,179-443-4-287,"vaihtelevia kangasmetsiä, runsaasti lahopuustoa, osin täysin luonnontilaisen puron vartta ja lammen rantasuota, louhikkoa","I lk 9,1 ha, II lk 1,0 ha, III lk 4,5 ha",,Kivijärvenvuori,2013/10/23,"15,5",3442860,6876499,x,x,x
Pihlajasaaret,Kuhmoinen,,"Runsaslahopuustoisia kangasmetsiä, mäntyvaltaisia, osin sekapuustoisia","runsaslahopuustoiset kangasmetsät I-lk","koralliorakas (NT)",,2013/03/18,"6,3",3416179,6843278,x,,
"Rekisalon laajennus",Kuhmoinen,291-413-5-179,,"lehdot ja runsaslahopuustoiset kangasmetsät III-lk","Liito-orava (VU)","Rajautuu saman maanomistajan rauhoittamaan Kotisalon luonnonsuojelualueeseen",2014/03/19,"2,1",,,,,x
Sepänaho,Saarijärvi,729-407-15-47,,,,,2012/10/31,"3,1",3424706,6961806,,,
Kääntölä,Toivakka,"850-405-3-69 Kääntölä",,,,,2012/11/01,"3,3",3446734,6887145,,,
Autio,Jämsä,182-415-1-141,,,,,2012/03/02,"20,6",3399631,6887909,,,
Lisä-Sammio,Saarijärvi,729-407-87-0,"Soistunutta kangasta, puustoista korpea, korpirämemuuttumaa, myös tavanomaisia kasvatusmänniköitä","II lk","kuukkelin lähdereviiri","Pyhä-Häkki 2,3 km",2013/09/10,8,3418082,6969195,,x,
Kuivavuori,Toivakka,850-406-3-19,"runsaslahopuustoista kangasmetsää, lehtoa ja jyrkännettä valtakunnallisesti arvokkaan maisema-alueen laidalla","runsaslahopuustoisset kangasmetsät, lehdot ja jyrkänteet",,"Viisarinmäen valtakunnallisesti arvokas maisema-alue",2013/02/27,"5,8",3450202,6884116,,,
Kuivavuori,Toivakka,850-405-5-431,"Jyrkänteitä, runsaslahopuustoista kangasmetsää","runsaslahopuustoiset kangasmetsät, jyrkänteitä",,"Viisarinmäen valtakunnallisesti arvokas maisema-alue",2013/04/02,"2,8",3449757,6884715,,,
Mattila,Viitasaari,"931-412-1-68
(Mattila)","kalliorinne ja -jyrkänne","lk I 3,5 ha, lk II 2,1 ha",,"rajautuu Säynäisvuoren lsa:n",2014/04/23,"3,4",3449362,6996045,x,x,
"Valskinmäki (Puroaho)",Saarijärvi,729-401-13-1,"Hienoa vanhaa osin soistunutta ja korpista rinnemetsää, jossa lähde-tihkupinta-alue sekä nuorempia hoitamattomia runsaasti haapaa kasvavia kuivempia kankaita","I-lk 2 ha, II-lk 3 ha, III-lk 2,6 ha","Kuusenpiilojäkälä VU, korpisara RT","Rantametsän lsa (RSO) 2,3 km",2014/01/13,"7,6",3397655,6955093,x,x,x
Viitala,Keuruu,249-408-2-71,"Vanhaa sekametsää olemassa olevan pienen METSO-kohteeen (Halmemäki) vieressä","II-lk 4 ha, III-lk 1 ha",Liito-orava,"Rajautuu saman tilan METSO-kohteeseen Halmemäki",,,3388490,6906186,,x,x
Aarnimetsä,Uurainen,892-405-4-52,"Vanhaa metsää, korpisuutta puron varressa","I-lk 1,9 ha",,"Eteläpuolisella tialla puron varressa KEMERA ympäristötukisopimus",2013/05/27,"1,9",3424912,6923748,x,,
"Ranta-Pohjola ja Villi-Pohjola",Saarijärvi,"729-401-60-1 ja 729-401-60-3","Pitäisi muuten hakata. Ei hyvältä näyt ilmakuvassa, kalalammikoita ja nuortakin metsää","II-lk 2,7 ha, III-lk 5 ha","Liito-orava, hentosara NT/RT, korpisara RT","Taipaleen lsa (Vihtamäki) 3,5 km",2014/12/18,"9,6",3405199,6951113,,x,x
Töyripuro,Kyyjärvi,"312-401-5-227 Ellilä","Luonnontilainen puronvarsikohde, jossa vanha ja luonnontilainen puusto. Runsaasti isoja haapoja, kuusivaltaista. Pinta-ala vielä auki, selviää toukokuussa 2013","Runsaslahopuustoiset metsät I, II- ja III-lk, puustoiset suot I- ja II-lk (Huom! Voitaisiin luokitella vaihtoehtoisesti myös pienvesien lähimetsiin)","Samettikesijäkälä NT, silomunuaisjäkälä NT, raidankeuhkojäkälä NT, liito-orava VU, kuusenpiilojäkälä VU, kantoraippasammal NT, herttakaksikko","Kilpisuo 2,1 km. Sama maanomistaja tarjoaa METSO:oon myös kohdetta Siltala (etäisyyttä 1,3 km)",,,3386259,6992461,x,x,x
Siltala,Kyyjärvi,312-401-5-54,"Hieno vanhanmetsän kuvio. Isoja haapaja.","RUnsaslahopuustoiset kangasmetsät II-lk",Liito-orava,"Sama maanomistaja tarjoaa METSO:on myös kohdetta Töyripuro (etäisyyttä 1,3 km)",,,3384245,6993010,,x,
Mansikkamäki,Viitasaari,931-404-10-6,,"lk I 3,1 ha",,"Aittovuoren ysa 2,5 km etäisyydellä",2014/11/04,"5,3",3439098,6985405,x,,
Aittosaari,Viitasaari,931-401-1-534,,,,,2013/04/09,"4,38",,,,,
Varrenvesi,Jyväskylä,179-411-5-119,,,,,2013/07/04,"2,6",,,,,
Kyyhkynen,Laukaa,410-410-13-9,"Pääosin harvennettuja hakkuukypsiä metsiä, mutta myös lahopuustoista aluetta sekä lähdepuron varsi. Soistumia ja pienialaisesti kangaskorpea.","Runsaslahopuustoiset kangasmetsät II-lk (3,1 ha) III -lk (4,1 ha), pienvesienlähimetsät II-lk (0,4 ha)",,"Harila 550 m, Hitonhaudan Natura-alue 1 km",2014/07/10,"8,1",3435990,6930317,,x,x
Simola,Äänekoski,992-458-8-68,"runsaslahopuustoista kangasmetsää, lehtomainen puronvarsi, kaistale taimikkoa","runsaslahopuustoiset kangasmetsät I-lk",,,,,3438508,6975485,x,,
"Venetaho I",Joutsa,"172-411-9-183 (Venetharju)","runsaslahopuustoisia havumetsiä harjumaastossa","runsaslahopuustoiset kangasmetsät I-II lk",,"Leivonmäen kans.puisto 2,1 km",2014/12/15,"18,223",,,x,x,
Harjunmäki,Jämsä,182-412-10-58,"runsaslahopuustoista kangasmetsää ja rinnelehtoa",lehdot,,"Pitkäjärvenvuoren metsät",2014/06/13,"5,6",,,,,
Ruostepuro,Viitasaari,931-412-1-20,,"I lk (8 ha), II lk 4,3 ha, III lk 3,4 ha",,"Koiralammen luonnonsuojelualue ja Säynäisvuoren luonnonsuojelualue  < 0,3 km",,,,,x,x,x
Riitaraivio,Äänekoski,"992-458-6-27
992-458-7-6","useasta osasta muodostuva kohde, jossa lähde- ja korpielinympäristöjä, merkitystä kuukkelin esiintymiselle","I lk 1.1 ha, II lk 6.9 ha, III lk 1.5 ha",kuukkelipotentiaalia,"Kivetyn alueen lähimmät osa-alueet < 3 km etäisyydellä",2014/12/04,"10,7",3438498,6972854,x,x,x
Halla-Aho,Kyyjärvi,"312-403-28-99
(Halla-Aho)","havupuuvaltainen tuore kangas, käsitelty puro","lk II",,"Mikonsilmän ls-alue (3 km)",2014/04/23,"1,2",,,,x,
Valkama,Hankasalmi,"77-404-3-21 (Valkama)","R unsaslahop.kangasmetsä",1.lk,,,2014/03/28,"3,3",,,x,,
Korpinsaari,Luhanka,"435-402-7-128 (Metsomäki)",,"lehdot, rantametsät, valkoselkätikka",,"onkisalon laajat suojelualueet lähietäisyydellä",2014/03/06,"1,1",3430200,6843382,,,
Etelälahdenniitty,Viitasaari,"931-401-1-33
(Etelälahdenniitty)
931-401-1-10
(Eteläaho)
931-401-1-97
(Eteläaho II)","vanhaa metsää, lehtolaikku, kalliometsää, vanha niitty","lk II 1,5 ha, lk III 1,4 ha
=> korjattu luokitus: II lk 2,9 ha (JV)","kalliokeuhkojäkälä (VU), sammaljäkälä (NT)","rajautuu Kolima-Keitele Natura-alueeseen",2014/05/16,"1,9",,,,x,
Metsäpirtti,Uurainen,892-404-11-51,"vanhaa metsää, korpiräme, suoristettu puro","Runsaslahopuustoiset kankaat II-lk (4 ha) ja III-lk (1,7 ha), puustoiset suot II-lk (0,5 ha)",,,2014/03/31,"7,08",3417980,6921113,,x,x
Seurala,Kuhmoinen,291-410-10-103,,,,,2014/03/07,"4,8",3399136,6835346,,,
Savonrinne,Hankasalmi,77-406-5-31,"Lievästi pohjavesivaikutteinen ylitiheä ydin, jossa runsaasti ja monipuolisesti järeää lehtipuuta, lisäksi tavanomaisempia havumetsiköitä","I-II-lk 1,2 ha","III-lk 1,0 ha","Pieni-Kaihlanen 3,9 km",,,3469832,6905863,x,x,x
Paasiharju,Toivakka,850-405-3-127,"Luonnontilainen puro ja puronvarsimetsä, jossa tervaleppäluhtaa/-korpea, lisäksi avolouhikko ja mäntyvaltaista kasvatusmetsää","I lk 3,8 ha, II lk 2,3 ha",,"Kääntölä 0,9 km",2014/08/11,"6,1",,,x,x,
Valkama,Jämsä,182-429-4-19,"runsaslahopuustoinen kangasmetsä, puronvarsia, korpia",,,,2014/07/04,"10,2",,,,,
Isosaari,Keuruu,249-407-7-26,"kuivahkon kankaan metsää, jossa ei ole tehty hakkuita miesmuisiin","Rlpm II-lk 1,2 ha",,"Ryönänkoskella valtiolle suojelutarkoitukseen hankittuja alueita, n. 1 km",,,3364254,6924696,,x,
Haaranriutta,Jyväskylä,179-405-5-40,"runsaslahopuustoinen kangasmetsä","1 lk, 5,3 ha",,"Ristisuo 2 km lounaaseen",2015/05/12,"5,3",,,x,,
Härköpohja,Jyväskylä,179-431-1-151,,,,,2014/02/06,"5,7",,,,,
Karppijärvi,Jämsä,182-432-2-108,,,,,2014/02/06,"1,2",,,,,
Jurvonvuori,Äänekoski,"992-403-13-36, 992-403-13-39, 992-403-13-43",,,,,2014/01/10,30,,,,,
Linnavuori,Kuhmoinen,,"RLPKM; kalliometsiä, jyrkänteitä, maisemallista merkitystä",,"muinaismuistokohde,",,2014/11/21,13,,,,,
Oratti,Petäjävesi,592-404-11-12,RLPKM,"I lk 2,2 ha",,"Teerijärvensuon YSA-alue 1,2 km",2014/06/11,"2,3",3397673,6898267,x,,
Tervahytti,Viitasaari,"931-412-1-194
(Tervahytti)","Kotasen - Pienen Nuottalammen yhdistävän pienen puron ympäryskorpi sekä sen lähimetsä","lk I 0,9 ha
lk II 8,2 ha","kohteella retkeilylaavu","Koiralamen YSA:n (0,5 km) ja Raatikkalan YSA:n (0,7 km) välisellä alueella",2014/11/13,"13,5",3451155,6994155,x,x,
Vuorenpää,Keuruu,249-407-1-41M601,"Tuoreen kankaan uudistuskypsää metää ja pieni korpikuvio, tuulenkaatoja, lähellä Raiskin metsää","I lk 1,8 ha, II-lk 9,4 ha",,"Raiskin ja Haukilammen YSA:t 0,5 km",2014/08/27,"3,1",3359370,6910526,x,x,
Hirsimäki,Jämsä,182-414-2-45,"Erirakenteinen vanhan metsän kuusikko, haapaa ja iso lehmus.  Pohjoisrinteen vaikuttava järeäpuustoinen kuusikko","I lk 3 ha, II Lk 3,42 ha",lehmusta,"Nytkymenjärven Natura-alue noin 2,5 km",2014/07/11,"6,4",,,x,x,
"Metsäyhtymä Nissinen",Konnevesi,"275-407-11-93
(metsäyhtymä Nissinen)","jyrkkä rinne, rinteenalusmetsä, kalloinen metsä","lk I 2,7 ha
lk II 1,5 ha",,"n. 0,8 km Honkojannotkon ysa",2014/12/02,"4,2",3467276,6938367,x,x,
Kokkokivi,Viitasaari,931-404-9-48,"lahopustoista uudistuskypsää saarimetsää","lk I 3,2 ha",virkistyskäyttöarvoja?,,2015/01/21,"3,2",,,x,,
"Linnasaari I",Laukaa,"410-406-12-128 (Linnasaari)",,,,,2014/11/18,1,,,,,
"Linnasaari II",Laukaa,"410-406-12-156 (Ilveslahti)",,,,,2014/11/18,"1,4",,,,,
Vuorisvuori,Jämsä,182-420-7-66,"Lehto, luonnometsät, pienvesi, korpi, jyrkänne","I lk 2,5 ha, II lk 1,06 ha",,"Rasuanniemi 3,2 km",2014/10/17,"3,6",,,x,x,
Kotiranta,Jämsä,182-446-3-41,"luonnonmetsää järvenrannalla","II lk 0,225 ha",,"ei ole",2014/11/25,"0,225",,,,x,
Kangaskallio,Karstula,"226-407-1-11
(Kangaskallio)","vanhaa MT kuusikkoa ja ojittamatonta rämettä ja korpea","I lk 2,1 ha
II lk 14,5 ha
III lk 0,6 ha",,"Saarijärven reitin Nat-alueen lähimmät suojelualueet 2-3 km etäisyydellä",2014/06/24,"17,2",,,x,x,x
Ranta-Moisio,Uurainen,892-403-9-89,"Saunajoen varsilla vanhaa metsää ja mustikkakorpea","I lk 1,9 ha, III lk 0,7 ha",joenvarsikorpia,,2014/12/10,"2,6",3409598,6927127,x,,x
Harju,Saarijärvi,729-401-7-18,"järeä kuusikko, metsäkortekorpea, puro","II lk 4 ha","tilalla maatilamatkailua","Matin puiston lsa Murtomäessä n. 1,2 km",2015/04/15,4,3407605,6951827,,x,
"Venetaho II",Joutsa,"172-411-9-187 (Harmaakallio)","vanhaa laajempaan METSO-kohteeseen suoraan liittyvää havumetsää","II lk 0,5 ha",,"Liittyy laajempaan METSO-kohteeseen. LEI kp 1,2 km",2015/01/05,"0,5",,,,x,
"Venetaho III",Joutsa,"172-411-9-189 (Toukomaa)","Järeää mänty- ja kuusivaltaista metsää, pienveden rantaa","II lk 1,9 ha",,"Liittyy laajempaan METSO-kohteeseen. LEI kp 1,2 km",2014/11/11,"2,8",,,,x,
Keskimaa,Äänekoski,"992-403-39-1
(Keskimaa)","lehtomaista sekametsää lintukosteikkoon rajautuen, järeää haapaa, lehtilahopuuta, liito-oravan elinympäristö","luokka I 3,7 ha",liito-orava,"rajautuu valtion suojelukiinteistöön ja osa alueesta (4,9 ha) kuuluu samaan Natura-alueeseen (Hietasyrjänkangas-Sirkkaharju)",2014/11/26,"4,7",3444916,6934298,x,,
Kylkinen,Toivakka,"850-405-3-25 (Kylkinen)","Suureksi osaksi kirveenkoskematon alue, upea louhikkoinen länsirinne + jyrkänne, luonnontilaisia pienvesiä (lampi + puroja), avolouhikoita, hyvin runsaslahopuustoisia monipuolisia kangasmetsiä","I-lk 13,5 ha, II-lk 6,5 ha",,"Rajautuu suoraan Pieni-Kylkisen ympärille sijoittuvaan suojelualueeseen",2015/08/27,"20,4",,,x,x,
Rimminsuo,Laukaa,"410-411-2-125 (Huttula)","Tulvivaa rantametsää/metsäluhtaa, luontaisesti vanhalle viljelymaalle syntynyttä lahopuustoista hieskoivikkoa, vanhaa runsaslahopuustoista sekametsää harjun alarinteellä","I-lk 5,2 ha, II-lk 1,9 ha",,,2015/08/31,"7,6",,,x,x,
Huvila,Keuruu,249-407-7-26,,,,,2014/08/13,"2,2",,,,,
"Ankeriasjärvi II",Jyväskylä,179-401-11-3,,,,,2014/12/04,"4,2",,,,,
Salmenniemi,Joutsa,172-402-4-630,,,,,2014/02/17,"8,1",,,,,
Vorikanhaka,Kuhmoinen,291-416-1-60,,,,,2014/03/19,"9,3",,,,,
Kantala,Joutsa,172-408-1-89,"RLP I-II lk 1,1 ha ja III lk 0,4 ha, parhaat osat järeäpuustoisia, sopisivat myös puustoisiksi perinneympäristöiksi","II lk 1,1 ha",,,2015/08/03,"1,5",3466716,6850778,x,x,x
"Talasniemi (Myllylänkoski)",Keuruu,"249-408-5-52 Talasniemi","Upeaa vanhaa metsää jokivarressa sekä hienoja korpia","I- ja II-lk RLPM ja puustoiset suot, II-lk pienveden lähimetsä, II-lk metsäluhta tai tulvametsä","liito-orava, kuusenpiilojäkälä (VU), NT-lajit aarnijäkälä, kantoraippasammal, hentosara, samettikesijäkälä ja korpiluppo sekä alueellisesti uhanalainen harajuuri. Virkistyskäyttöarvo: kalastus","Halmemäen METSO eli Viitalan luonnonsuojelualue 1,2 km. Lähietäisyydellä on  Keuruun kaupungin omistama Päijänteenmäki, jonka METSO-suojelusta käydään parhaillaan neuvotteluja.",,,3386985,6903138,x,x,
Puttolansaari,Konnevesi,"275-404-20-60 (Puttola)","Vanhaa runsaslahopuustoista saarimetsää, jossa mänty-koivu-haapapuusto","rlpkm II lk 1,9 ha, metsäluhdat II lk 0,1 ha",,,2015/10/05,"2,2",3464205,6937820,,x,
